id,name
915a78d7-03ad-4c0f-b436-3a78662915a9,Daniel Cuevas
fc003d26-1dc5-45ab-b19f-894aa4ed0566,Christopher Barnes
67c4c053-71c4-447d-b587-d7e133fd20fe,Deborah Morgan
ded8a4e1-7fd4-4c33-bdd7-9e8c689f528c,Michael Murray
5b6f29e6-4cf3-4973-8d28-4e4238807ca9,Diane Hunter
dff29e3c-fb95-4b1b-8ad9-3907700498d9,Dustin Macias
75bef2d7-cba1-4d71-bec3-5ae45505750f,Diane Nguyen
8dc36dd7-1492-4902-80b2-f95affe1716d,James Stuart
0c30d291-133a-45da-9dcb-ed427b5bf181,John Lowe
9b85972d-8ec6-4167-8c2d-d333915955ad,Shane Yates
8a956ac1-1abd-49ff-8436-b30d0a54c1c5,Matthew Stewart
21bde40c-a448-4d83-97e5-5380a966c478,Angela Hebert
5a827162-aff1-4b8b-8674-da7063d08aa6,Tanya Anderson
11a214a3-155a-4559-b31b-064044ebcaa1,Wyatt Bates
182f41e6-d198-4561-b530-7327028cf166,Ryan Austin
144c650d-e30e-4c03-bc05-d13ae9758caa,Timothy Meyers
bdafed2b-8d77-4097-865b-040f56c0a105,Brittany Barrera
9c1dd022-a356-460f-bd15-1fa148a6f5c6,John Hall
c2f5c149-e8d4-48ad-bae0-111d13f6fc8f,Tyler Henderson
26737bff-2e03-41a7-b3c5-e2588407b086,Holly Johnson
12d0077f-f6b4-44f5-af5a-43fe6acc5233,John Brewer
79369671-cfce-4c6c-91bb-28bb39f65633,Jonathan Bennett
d944b778-b676-4955-ad3a-484a2965325f,Heather Gomez MD
b3426dc7-992f-4e7b-9170-60fa7aa7318b,Joseph Mcintyre
a368c7fc-e60e-4298-8a1f-4610ca4febb5,Joshua Mann
38ce0970-a3ff-48df-86d0-7a8797f0397c,Ann Morris
17f6472f-2d3b-496f-8bed-ce42160e069b,Amanda Herrera
bc9fad61-bb28-40a5-ac52-50aa4608c7de,Jennifer Singh
8ddec9e8-07e3-4cf1-a57e-0afa61da314e,Sara Potter
66e0e689-393d-4952-83d5-44b130792956,Chad Walsh
c5e06731-cd76-447f-bc77-972aa200449f,Christopher Hart
8a04e59e-c677-4488-b4c9-40d898bb0d08,Michael Briggs
bff2de5e-313d-4644-b4de-f6f0d5e64d6f,Patrick Richards
b995fe0a-8f00-4528-a604-3dcadb15c8e2,Nicole Curtis
d30535bf-eea4-45f8-94a7-7678feb84cd2,Joshua Wells
54270b85-4784-4348-a8b6-932ad25ca0e1,Mr. Matthew Meyer
88ea7406-399f-4c17-8038-ca66c74f250c,Sharon Sawyer
532f19ea-0848-4059-8fb5-217689e436f7,Maria Cherry
3438a56c-d347-47b7-9c3b-31619ab49ee4,Dawn Williams
2e24c052-974e-4c41-9e39-7a0ce9ef1c1b,Kevin Castro
719da650-3a69-460d-95cf-f93e8e580bbb,Benjamin Thomas
ce668aae-d092-49a5-be86-53d6caf79abf,Stephanie Hanna
2d03f45a-baf3-4ad4-b6f0-af8e671e24e3,Ryan Hart
9dbea450-ff59-4de1-9154-127384c95396,Linda Contreras
2a553929-719f-4b1f-8ccb-cbd31e01f51c,Melissa Davis
029482ad-9e3b-4f69-962f-29212d0effbe,Alyssa Riddle
715f0e3e-6048-4d27-8236-6b43f6fdfbd6,Trevor Rodriguez
50743d28-51ee-4452-9332-db97d3b7eadf,Amy Andrade
9606f7bd-638a-4656-8bbd-e642244af60c,Desiree Scott
90263159-64f2-4c65-b018-ad64dc5cceda,Joseph Boyer
ccb43d58-c985-469c-ba22-79a6d93096f7,Kathryn Day
d8477345-55b4-41d7-87da-c10d926a6589,Stephanie Adams MD
d8ab94ce-d89c-4ddd-87ba-2c9b5f7e45e5,Martha Pineda DDS
d3ab4664-4168-4e0e-922a-99dbc2488030,Omar Tyler
cf7ba47e-9ba8-428b-b50e-368b7fd9fc30,Brad Williamson
577fbd6e-6f25-41ef-91d4-2010add5a9ca,Vanessa Schmidt
5f24ef3c-90a4-4d89-a195-6a36c8debc71,Brenda Dillon
67f30417-fe8f-4c2b-9828-93418c7a4a5f,Jessica Valdez
61ef4651-9f86-4554-809c-20003f3ecc5d,April Baker
7d69aee7-d5a2-49e5-bc38-5841025b9427,Stephanie Anderson
8ade2811-c231-4b20-9e53-db870a971706,Richard Pitts
5fe89220-e2cb-4fa1-9f66-c0b5c755ae22,Megan Forbes
3f11dcf7-9460-45c1-8135-c2a8f17a9752,Sally Eaton
1f18926f-f4f9-4989-bb60-59af09edec7d,Madison Davis
6ab1e4ca-9087-4acc-8790-ad3cc3b273e2,Andrea Randall
1c2501da-0ea4-41d0-8400-91e638cc9030,Thomas Houston
311073e9-34d0-4da1-ac7c-39ffb887600b,Mark Jenkins
c0e362a5-9861-4956-885b-cd4b3af6fa02,Steve Blanchard MD
2e1cee96-c75b-4bdd-929a-694702e94d11,David Hanson
ddd965a7-3e31-455b-a73f-7c8f8e0be461,Amanda Martin
9fb2bf77-37d6-4bf8-a0cf-2e6ed932922a,Michelle Wiggins
ced7a77f-0ffe-4ec7-9f71-fe666c545bcd,Andrew Serrano
4df7005a-9803-4608-aebc-a2dd33ee892a,Kelly Singh
dd23f3b9-6ccf-408d-aae2-8f9f7fa8ba45,Brenda Miller
581458ba-ee07-4eff-8b11-20608933279a,Carlos Leon
6cd1662f-5e48-4629-bad0-571fbba2a219,Wendy Ramirez
a579e040-118d-4b73-831b-8dedb8ebf2d0,Connor Hernandez
48d7e5ca-d170-402a-9c5b-0115326c24a4,Derek Smith
57161516-adf4-4f15-a8e9-7a4aec0b01ea,Jennifer Sheppard
2f69b25a-7789-4656-926c-1417a6fcdd92,Stephanie Carter
c69b5efe-8ce8-4203-9b5a-33d414fe59a5,Michelle Herring
5edc8f62-2e76-4a3b-ab63-faaa6ec329f8,Stephen Miller
3c5608ff-caab-41c9-bc8f-d9afa1ead80e,Mary Vargas
7807697e-f51b-4eb8-839f-9894e12dd197,Amber Lopez
8c811d49-ec7e-45d2-99d9-3ebdaca9f4e7,Erica Walker
d48e1188-7cf1-462c-b9ca-e7bb8a837517,Tamara Berry
685161a8-7c86-479c-ba42-fb48e837a871,Carlos Bass Jr.
57070d83-1341-402f-b978-af128d8c794f,Chase Garcia
2f9e5bdd-6b05-48ed-b84d-78549bed042d,Timothy Waller
ae4b9933-5f2e-4900-a1b2-dcc6e388a7c8,Alex Rosales
053fc12b-8e45-4af7-aeae-025aef8f4299,Dr. David Murphy
ab7c5e87-4af1-4d9f-aa5e-b96a3ef70e8e,Lori Williams
edfa3d1f-7a8d-4f04-b3ae-90226ce97251,Maria Moon
0b7fa9e0-98db-4a5d-81d1-3cf81ebe297f,Catherine Navarro
6303a9b5-10ac-4109-bc5c-68378bc45676,Sean Manning
afbe88e6-af29-4ffe-8c93-8255afcfd1df,Maria Rodriguez
84bc9f86-194f-4b7f-8085-1640fb385db2,Donald Diaz
d9bc830d-2c7d-4cc8-aa1b-a37ca9ce8fd7,William Valenzuela
a117d659-0fa2-4c9f-8870-fa7314898c08,Garrett Black
60dabac8-0c04-4807-860c-51b16860e691,Eric Adams
d2704cce-64af-479f-8f2b-b8c823536c1f,Kenneth Hudson DDS
5268652a-8ca0-4cb2-9c1e-35974064013a,Debra Wolf
1161c22d-0256-4460-b92a-8d9851e99803,Carrie Abbott
c9552624-255c-466a-84cb-914f4aa23acc,John Lowe
4ace20b6-5faf-42c6-9e1d-4e19f21ae8fe,Gary Kirk
4263fb25-8fd2-4d84-babf-813cc45575b8,Jay Cruz
8d4deda6-dbfa-4a18-9c85-2787880b6eb0,Kathy Harris
aef91825-d2a6-4327-b7da-ce9c7fcabf26,Nicholas Gray
8fc9ab8c-0c60-4df9-9393-d4866b38c75e,John Anthony
26dabbfe-9572-4789-b625-74fc5ff28c85,Judy Alvarez
116fac29-c79c-47d9-9883-c7911e17b72f,Allison Clark
40d7a3d2-3550-4988-9286-222fa18a2d00,Steven Flores
924ef8b2-9508-4d64-bf0c-95c90221d71a,Patricia Joyce
f6818e85-f9a9-43a9-a091-7c8a74498f64,Eric Francis
fb9adde5-338c-4454-975e-fc35871dbe0b,Timothy Gutierrez
0169afa2-f3b6-4093-bf24-44be31e57014,Shirley Kim
4dea627d-ab71-4ca0-9628-8eaba533d28a,Benjamin Bell
7a59ab8a-e1e5-486d-9552-44346afa9662,Lori Chavez
db5d10fc-05ac-45c4-933d-ad320b15ed27,Stephanie Williams
ed6a2c33-f58b-41bb-b9cb-1cedeb77b1fa,William Joyce
42b5e923-4719-456b-921f-bb4c25bd343d,Troy Lane
04f89c25-b1f1-448c-9992-659a14d6b087,Justin Leon
eb917d36-97c9-4b2a-84d5-9cefe385bd0d,Katelyn Alexander
f443ccf0-8bc7-45dd-8179-bb777d0e30b9,Charles Johnson
65042d18-bb3f-479f-85ab-b3e08abcfb12,Nicholas Benson
7f4b84d7-3f27-4d24-ad78-d5ece2491a73,John Norris
0b5f96b6-33fb-44d8-b346-c95a45be044d,Kenneth Nelson
3e5f4d93-fca0-4e0c-8aa6-33eef50b18b0,Stephanie Evans
8ece7807-6701-4d3e-ab4a-3f59e2348f24,Ashley Ross
a571ddd1-4abf-4b41-a72c-2d490107d5c2,Lisa Townsend
2ea54f0b-ffd5-4dbf-a838-4eb9328dad90,Stephen Robbins
ebdac749-b646-4c5f-b9eb-4bf4f9a5a471,Tracy Santiago MD
4c42ba77-201a-4a1a-b6d3-e9ebc3bcd3e8,Brandon Roy
7b0fd11a-1f43-45d0-9ed6-2a6f225209f8,Darryl Green
2961c9cc-94b8-42c5-8918-df788456135d,Sheila Fisher
1e20bd3b-30dc-46cc-a70e-fe9205b93b08,Dr. Shannon Carter
ab360614-dca1-42ff-8993-0bab1ac326af,Lisa Martinez
410e0382-cda1-4c43-aad0-7119e2675517,Traci Landry
0f6fa64e-8cf8-40cf-8b50-3f621fe644ea,Ashley Bradley
22a59e97-4ec9-420b-a677-40e2b283eaf0,Christian Schneider
1ebba790-4877-4f92-afdb-6b47b2f38fc6,Louis Walker
d93d9750-87dc-45ae-837b-8f496873db12,Arthur Evans
2b02031d-2249-47e6-a026-bce1ac08d998,Brian Clark
31f34606-7e65-48a4-8200-4426940806a2,Robert Phelps
048443de-e0eb-4213-a4c8-60e6e58e60d2,Lauren Love
1726dbd1-3b5e-4bad-8e0c-60841704adf6,Nathan Murray
3632c01d-5695-44d1-a2b6-e84bf1ef7096,Sara Henderson
4e9ad269-f057-4008-9b07-8b1831b6cee3,Victoria Edwards
8bf368cc-3bc4-4983-aa21-12521347f3ba,Jeffery Harrison
7d498d18-1c98-44dc-b379-44539c1266c9,Bradley Monroe
c4ff4d8f-5cf7-48cc-a7c6-9c81e22c7015,Christopher Schmidt
e2f7cf13-6cdc-4242-a7dc-a6d40ccfe612,Roy Young
f35e71c3-5b71-4970-bc9b-3aa4cd3a5002,Gary Horn
226d9c7f-aab4-46e8-b38b-78dfffdbaa4e,Danielle Lewis
ab4ed771-3680-43c5-a828-f8f248e22eac,Paul Marshall
6730e763-1789-4494-a97a-9f19006162a4,Rebecca Carr
364b3473-5a19-4b28-8825-dcd36e8adfde,Kelly Palmer
05d722bc-e631-4385-bf9e-1814680d8529,Michael Baker Jr.
de0033ce-552e-4728-89c2-6ba68b822efa,Amber Cortez
91f1024c-4de0-44f0-874b-3989f881f32d,Sonya Moore
335b0b94-8a9d-4bf4-8527-8cfd7299294c,Vanessa Howell
a2323b4c-a129-4daa-9719-c24cee776421,Jessica Wade
3bf081f0-70b1-48fd-969c-2dfd0738a82f,Benjamin Brooks
254e6584-c918-42a0-8de4-943e6537a19e,David Garrett
b6528c2f-9722-4615-8116-25dfe5fd5c9e,George Bennett
02843a88-3a72-4d81-bc64-2da996f0a67d,Brandon Hill
5809099f-612b-456d-9c85-8cdd7f326ed0,Jon Heath
d6ea5bc2-ead9-4c4a-9ab6-d70adc7df086,Cynthia Alvarez
6195f045-5c94-4b03-a371-149b682b5a84,Daniel Jordan
22ebc20f-2124-4917-aaf6-a3cd8e4c25ff,Emily Shelton
6022eaf9-00ad-4dc5-9c2c-ecbed2be5eb4,Jacqueline Morris
a53e069f-eaa5-4703-bbeb-e8b90edbecef,Melissa Miller
be9a1f92-3218-4bbf-8c0f-fc120dca2869,Melvin Ingram
d15e433b-c7a8-4404-a309-719959ff9f71,Devin Clayton
95d8317e-3cab-4b87-bec0-5b99f0b6580d,Anita Pierce
684272a6-a79c-4ccb-9fa5-f41beddf195a,George Moore
203aa2a2-3043-47e0-afbc-02397e4215d9,Alexis Mcpherson
8c024305-963e-46aa-b8d1-459ef7f93240,Diane Davis
953e92b3-9b08-4d64-8a2d-6561e6cb7f75,Jonathan Johnson
537884e6-656c-4274-9be4-70377114f475,Dr. Erin Turner
00dd6459-2f09-4296-ae1b-15ed9ad304f9,Terry Obrien
51fb74c9-9c30-471a-bea2-e2a0cb800fe6,Karina Zimmerman
04ced71f-a0ac-4b36-9bc0-a25d19ff8069,Katherine Griffin
61d82133-fd0f-4345-8b0e-917b91324a8b,Karina Thompson
46ac410b-3503-431c-8397-d8ffe37c9ada,Steven Brown
101c90d4-79d3-479e-9d0c-d6719594048a,Mr. William Baker
e91f5a31-9eec-40ff-bedf-57cbbc776acf,Veronica Garcia
c27e5282-53b4-4576-8016-fcc66b5d15a9,Rachael Hobbs
ac525741-ce64-479c-be66-a34611d0ea85,Anthony Wells
d09d77da-16e1-4531-b76d-f65d52fd30c6,Christina Terry
416cffa4-9c52-4391-9b3d-892db091fe86,John Drake
cbdb1202-80ee-427d-ba18-bb4de45f6c6a,Dr. Chad Chavez
a5b8a34d-bfb7-4410-94cd-8cff32076bd5,Vanessa Coleman
ad9b5481-b946-4a34-99a3-c04839bae28f,Anthony Murillo
ab4f167e-255c-4abc-ad3e-c06b8358c870,Pamela Smith
9efb219a-36d1-4139-abbf-a1e2c90267b1,Rachel Watson
01e56638-4389-43bd-ab5f-466e032dff15,Shirley Stone
6e9775f6-1d82-4386-b18c-2403db8b8545,Brian Velasquez
399d2dd4-7a1f-4b89-8c59-2883a6bbc640,Heidi Randall
84f4843c-8474-454f-91f0-eb4d976e3901,Michael Walker
1287ce6d-035c-43c6-8570-74b27ddfa55c,Kelsey Miller
7570b1b2-0705-4b1d-9757-f373a401d230,Emily Anderson
eede9341-9a00-433a-bf47-e1b77990cbb0,Brittany Johnson
85dd13d0-b968-4fea-80c9-b610b9772147,Robert Lang
9dfca6b9-a9f7-4bf7-a44b-72aa3fce5844,Pamela Harris
31de967f-f16c-43a7-a3ec-3512d7b92981,Natasha Wright
515336c0-4f0e-4501-a442-8b135d737c45,Molly Smith
3ebe54a8-e8bc-41bc-a0f8-e99097f4ed52,Emily Barnes
b335b823-5f47-45c3-a2e8-4daa8c1aee58,Kimberly Wilson MD
d010c3e1-cee0-4e6e-9ab6-76e6f40656fd,Aaron Gardner
6754baad-20d1-4fed-b3e9-f9259829e6bb,Bill Owens
f68096d9-d77d-483b-8f0c-fa1e6b6bf3b1,Traci Maddox
13e10f22-4345-4cdf-b0dd-adb2b2a1cfb1,Tamara Wallace
5b98e93b-d268-49aa-b9b6-4b6f133699b0,Michael Williams
158a1581-2f64-40d2-b612-56a929f2fc1f,James Walls
ef2c45f5-a830-4a43-905c-00d96fb90d02,Shawna Hill
36d2ad4e-aa01-48be-9c85-d61b81eca291,Jasmine Murray
feaba6a9-7d42-4782-8cf0-c2cbb554f77a,Karen Obrien
7664b668-b128-4783-a80d-88b371bb0b89,Mary Kim
a2fad33e-e6d1-407a-9be3-3f934f6d4998,Brandy Mcdonald
7f7f231d-eb93-47f7-8dca-11e25966c1da,William Ayers
508d8273-b6b2-4ee4-a21f-8cf25a39a86e,Teresa Evans
cb2e37c7-4544-444d-99e1-07b0572755c5,Amanda Hodges
ad349654-b5a1-4d96-96ac-79008d37cdfe,Daniel Edwards
0ee58753-0db7-4efb-8294-c12d36a863f0,Carrie Wilson
b777a10e-da8b-4f17-8953-e93e6cfa95be,Amber White
f791affd-b43c-4638-a0af-521e6c70773a,Jill Contreras
5b3a9bea-04f4-44fb-a14d-60e634d7b11e,Sarah Harris
4761cca7-627e-4ac1-ba96-4f72b39f4ae2,Julie Taylor
6e88938a-1d75-4bd7-bc60-d84cb9d7dfe1,Dillon Jennings
c0d451e3-6a52-4dbe-b916-e94590ef3b08,Mr. Brandon Thomas MD
f9631c14-a742-45c1-b51e-ea210eddc7c7,Miguel Ruiz
0f99abdc-f7d9-4d39-867d-cf9ae73f71c5,Lori Butler
5ec20e00-d6d1-4026-81ba-c6c5b0b6e3c6,Kelsey Taylor
a041d485-dc4a-4546-b106-9db222453bbf,Angela Moyer
e07a160a-1956-4ce0-87f4-0b4a6c27bee8,Jeanette Johnson
de5363fb-914c-4e54-ac20-b6e6c114a5ef,Scott Perkins
65a5a296-24c1-42fa-983e-49747ed5428a,Pamela Peterson
933c6677-8e3c-4660-a7fb-1c888d4c541f,Justin Taylor
b146a224-e34b-4c57-8f8e-e2c8adf31a7b,Danny Walker
99455573-21d2-41f9-9158-fd835c8393f2,Joshua Webb
a46c54c9-7bc8-4504-8726-71889b4f2a88,Joshua Henderson
3d7208d6-e652-4004-8624-81176b0f5025,Chad Jackson
3be5be5e-a173-4515-b812-3c7096f78dd8,Douglas Shelton
755afc87-c06b-41b3-bf67-ffa1a81cc490,Brandy Schaefer
75daa822-56c4-477a-9334-caa318f03f97,Angela Weber
54f8a6e7-b7f3-47a2-ab02-44b248eed20c,Brandon Shannon
7cde705b-981f-40e4-9c76-c952a8968ba2,John Simmons
962bb622-3cd8-4a8e-9dfc-8752cb569244,Cindy Adams
118f8b9b-d653-4d34-a988-b1232c2bcd0a,Ashley Mcdaniel
d5b57a23-2697-41ab-85ce-2f6192ab5b3b,Jerry Thompson II
84e5d9dd-3509-430b-b813-e60ee1bdce28,Brandon Lang
c1b3c685-806d-472c-9c2d-8fd1dc3a2444,Dylan Anderson
dda5fed8-9907-4e43-a3e2-86e2f492795c,Casey Martinez
fa37b7e9-041b-4d36-80d4-4f75c4414250,Andrew Aguirre
694fe2e7-3ab1-4636-9351-ae9ba71db7d3,Susan Castillo
a9218e54-cee2-45f6-b8df-cb79d017319a,Stephen Mercado
180fa355-76cd-4a2a-b0de-a0ff1cc2d554,Derek Marshall
ec4bb60d-29e1-4dfa-acf9-98f6e14f2b4c,Curtis Moore
41e7c4d4-8942-45e8-843f-fb27641c3a8a,Angela Smith
4306d269-4625-4b9f-80be-02662c6de55a,Cassidy Gaines
47e8df5a-b521-40e1-aa8f-79ef37a75727,Dennis Lopez
fe193d10-cea3-45c9-a47f-e90d3bccc042,Brian Cordova
eff9c974-ad57-434f-8c16-fd7c9ed0ac7a,David Grant
f130ca8d-170f-49a4-986c-c51dbb53203e,Debra Simmons
95af65da-c48e-425c-8b3b-d68e5e694b86,Kevin Martinez
b5b9a76d-bd69-4bae-93eb-38ef3816420f,Derrick Brown
c5368027-a160-4482-802f-4f5986bf9c04,Samantha Kemp
c56927b7-ee62-46f0-abb1-cb8d838780d8,Dylan Carrillo
ce2e500b-fb07-4653-89fa-294e41670edb,Karen Freeman
2318ca46-c646-4373-bd07-f911d9cf7b03,Ryan Martinez
b752e29d-5c79-4563-9d2f-c1ac7bd1e5e8,Deborah Jackson
8175054c-e032-49f2-b9ca-126121240917,Ray Mitchell
7ce1f688-a6fd-4dea-b5a2-21a8baf12c7d,Jennifer Garcia
6db11f67-25e5-463c-a698-63dd6ef2f0ff,Dwayne Johnson
455fe7ac-149c-4788-abf2-5ada482c7e77,Christopher Robinson
a4b43008-13ae-4440-827a-648dc0ec249e,Robert Campbell
24f71d5f-850c-4482-a478-a2b3b4768cf5,Rebecca Torres
d6bc649e-7fce-40f8-97e4-75428765e770,Calvin Mccullough
243de518-1816-40a8-b4e0-a17df789af7f,Sharon Sims
97ad1a4a-e5a2-4015-b7c4-0a1abd55f814,Alexis Cervantes
9c10d5eb-c8f7-413d-ae09-aa8925952e2e,Ryan Byrd
603e0d31-b277-4419-b09a-df742dbabbde,Andre King
5964f973-a479-461b-aeee-ed5dfb329f9b,Keith Phillips
c63ce37a-949e-46ec-a9aa-a144a46cecec,Veronica Buckley
ea8d371f-8113-468f-8315-8f1cba2afcac,Abigail Lindsey
9c66f337-7828-4f96-9be1-a2dbbc672f96,Taylor Thomas
32a6aef9-0791-40f4-8229-e5bd886e4e06,Suzanne Farley
3c1dfe2a-e591-4bfb-9edb-613e5600293c,Daniel Mendoza
3131f004-7059-46e7-b4e5-1c546b836ec1,Michael Conner
56677288-32de-40b4-a22d-eea3a234ecd8,Dorothy Schultz
ce5abad6-92b6-46c4-ae6a-683d505dd138,Shelby Ray
7a8b5e19-391f-404b-86e7-e67e67222950,Mrs. Shelly White MD
2caa68b2-56b9-4b49-9c1d-7a52b0694795,Stacey Miller
1ddd8c10-50c0-449b-a719-659e9120b87a,Angela Armstrong
b1760b1b-e1d8-4be7-85d9-0d67c880c182,Hector Campbell
a49adfe1-6138-4c14-8931-9c4b402bded2,David Buck
93059802-0e3d-466f-b092-f7c6cf7a3635,Christina Roberts
db574723-6812-4c09-a72b-54c553bbab57,Shannon Alexander
b434c03c-0556-4f0f-abcb-d55e48a04c37,Samuel Stout
d17d9311-b2f7-48e1-8499-da159efc14ce,Deborah Ward
8eafc669-e2c3-432a-afa9-04ad1b7f25e8,Maria Adams
def691cf-9df5-4e4d-8cf9-b0715aa5d7ba,Melissa Lopez
f97b3cbd-b083-40ce-8a20-d811f56998a9,Lisa Lewis
09619027-4fdc-4e1a-a346-8d9732552fe4,Gregory Hayes
bc4657b0-949b-4f68-aec8-b379dc8c92db,Richard Martinez
df97988b-a2f8-40cb-bb7b-32a9d3479c56,Dustin Clarke
95e69472-b8bf-4ad3-9dca-ed302415c14b,Alyssa Martinez
37343eb5-0377-427c-811a-9181225d94d4,Jonathan Rowe
0bf2ad5e-b4bc-4c5a-9efb-0ea8712bbaae,Destiny Tran
ccac3e99-92ba-44d2-bf78-8ea97030e380,Blake Matthews
ea107ebb-814b-4f5a-a90d-8b7ef86cfa5d,Amanda Nelson
8fb176f1-c524-4f11-b8c5-81d8760ae3ab,Mark Taylor
0c5739d0-0f34-451d-8741-8eeb33350862,Wesley White
f812dd8a-9946-4bac-be08-23a909e614af,Victor Ramos
600dcc33-1f9a-4ea2-8948-34d662547e1c,Mrs. Megan Scott
e4669603-e477-48e6-8b10-f923df876578,George Garcia
558a7d9e-0d04-4102-9e3f-92b90c51b993,Kathy Haney MD
647b40e6-a445-418e-a1bb-fcf720d42865,Anna Hunter
c59678bb-6f62-4970-a5b7-fcdb390e75c7,Debra Hall
715c2bc1-b2ff-41b1-ae5a-58f47f660777,Randy Lyons
489d25ae-b243-47ab-9892-5a9d2318d568,Scott Thompson
318d86d5-dffd-46bf-8ffa-cfd723f4d762,Lauren Rodriguez
4bde6987-6188-4211-958a-70dd851f9f81,Mary Owens
82faa4cd-4b84-408a-9e8b-1bcbe4023078,Daniel Coleman
e6579097-47fc-49ba-aa0c-720696cd8022,Kevin Jenkins
04dff2a7-fbb6-48cb-9fe2-9e511c6873b2,Kevin Hardy
9ef140be-9f0e-41f3-9d42-bab57bb4eb71,Jonathan Graham
5dc6bf3e-6614-4297-ac04-6e25c5e5f541,Susan Lara
f4195196-5465-480f-a76b-b558423b875f,Andrea Page
291cda6b-7053-4d04-bdb7-770526640e51,Jesse Moore
806820c2-8b9e-46d3-a65b-01039ee7b5c3,Kyle Johnson
05aa1e6e-2e21-4a12-b87e-2f3019a05293,Erin Lucas
52767472-9fec-4e03-b75f-922783f55037,Dr. Maria Moreno MD
2baa2e58-1a5a-4fe4-b3a7-e090ef96315b,Scott Smith
d4743e90-b3e6-478e-9698-edd7ae1cd944,Charles Adams
de134470-38cc-4c7f-ab82-25bd86811f2d,Jody Valencia
a3e5bd3d-a97c-45d8-9fbb-7232a1057167,Daniel Kelly
e628f7af-c693-4e13-a0a0-30e51a1f3450,Luis Francis
d7b83384-c6b8-4fcf-ba30-4e28d9e4273e,Sarah Hunt PhD
1a6394f4-8c5b-41fc-be3d-81ad1b90342f,Tyrone Ryan
04ac600e-7194-4a99-a92f-0d5d5151f0bc,Julie Dixon
37f4e0d5-f8f6-467b-9a92-38c84cab4ec1,Christina Gonzalez
55b4b0de-32ca-45b4-b7ca-a3c9107974c1,Amanda Garcia
af871884-c8e5-4d13-90b3-e090e5c948e4,Amanda Johnson
2db08ffa-aa1f-4d9b-a352-d079dbaa6c28,Mark Smith
09e85381-e64b-4fe4-9c08-dadda5f28e94,Janet Griffin
5857f9aa-acdd-4a64-b01a-348eaa213288,Tiffany Turner
cac7d6cc-3518-4e86-8903-336157df9488,Gregory Werner
f2e01b99-ac31-4b5e-82df-d7ee29ebaf2c,Stephanie Nelson
5cdde761-d6d5-4b29-86c6-226725febf8a,David Hammond
13ee38ad-79b7-4a54-b015-ba3bdc023978,Rhonda Watkins
b8a9656c-9c16-4d27-9448-08a428c03609,Michael Ford
7c784640-fea4-4596-b7d9-e4ce1670f92b,Cynthia Thomas
4230f7d3-53bd-4394-a878-5e2bdab110fb,Ray Jacobs
bd42c804-a6a5-4b9e-a8fc-4cc316814c7a,Christina Lane
937b10f0-25e1-4450-919d-4739549c5718,Kimberly Morris
8a5160d0-d047-4cb8-9329-9cb1327df45c,Paula Craig
0ea7c06b-1993-48e7-9848-cf4093ac5bb0,Jacob Lloyd
22d8ac12-7851-4553-b3c0-2a3322d8e8b8,Billy Burton
4136ee49-62ee-45cb-83ba-de8fc51b6f7f,John Barton
94ab3502-707f-4bac-91e0-ffe6d4975577,Charles Pineda
9dab0acc-5ee8-4306-8de9-1c1ebc52c2c4,Steven Edwards
fcdf751e-1f2f-4ca2-a350-7f1b212fc25f,Kristen Acevedo
000e08a2-3b88-4e6c-beed-aec70f05849b,Brenda Jackson
62cd5ad1-9fa6-4736-a901-223ed6286323,Andrew Rosales
ce17b5e7-6fe6-4bff-927c-c3fbc894e7fc,Kelsey Walker
8f1f855b-0a54-4772-9e9b-0b98332ea61c,Erin Garcia
2339ec83-2e9b-4b2f-99fa-abf5c5a0a59b,Jessica Heath
e0f48eb3-9ee2-45ce-970a-5d7297107f92,Grant Poole
c9520a89-c678-4d92-a5ff-0ecedf821df9,Benjamin Davis
453e768f-831e-4393-ac73-667d3fb8fc3d,Frank Montgomery
8ef403b5-8877-4e08-b21a-994676df44fc,John Perez
920b7d69-f17a-4591-bf39-cf88b25f62a5,Kim Porter DDS
a3f46b2b-4b31-42cc-8a3c-b49ae2558d28,Jacob Barrera
386b4ed1-8724-4afd-8992-faec45aa03fa,Patricia Smith
cfc45942-fbe2-4384-a555-612640483da1,Carla Murphy
f1f71b6e-7dbb-4d93-aa5f-e38151995b3f,Joanna Jacobs
9bca43a4-c8b2-4d4f-9183-655ed751ae14,Kelly Pearson
74cde999-8b3b-4828-b903-d7eefcba5170,David Freeman
558979b7-33b3-4d59-a7cb-67d39c5782e7,Angela Vasquez
a42917a9-d613-4308-8370-b4aa22e83b21,Maria Shea
da694120-58c0-43d2-80cd-5b0314683903,Misty Robinson
37784309-e8f2-4d21-b26b-d464120e5786,Lauren Jackson
5d017d4a-e97e-4745-b53c-f459ba7e9ae4,David Alvarez
3ab5bf6f-c7e8-460c-b3b0-0a11ca569b8e,James Brennan
d4a0eb10-57ff-4b0f-b518-6228fa5be22a,Emma Harris
a5f1dba8-a267-448a-87c1-1d363edd6220,Latasha Spencer
85041333-d8ac-45fa-98da-7cf5e21b6bc4,Steven Williams
056ca93c-eb34-4ae2-ad2b-03fa34d7c823,Lisa Palmer
549c1fa8-19eb-45a2-bdb8-91dd227984e0,Jennifer Miller
410cefe7-fa09-4ace-b6b3-73efbf0193c5,Austin Norton
52cf2870-a71b-46ed-bb49-062011a8e70f,Alexa Marshall
87329f71-4364-4a38-8150-6fdc6ee9872d,Cody Perez
843bfb9b-9925-4903-85e8-a33098fb122c,Jeremy Cook
7ba338a5-5dc9-4f68-84bb-9e02ba35d69d,Andrew Hicks
63be35d2-52f0-436b-a2d9-ff4c780b7b59,Brent Shelton
bb8484e0-4334-4e0c-acfd-f1a5cda4aca4,Ashley Le
6a924d48-26dc-47f1-9135-68288b8ac6ff,Jay Cunningham
341c1245-01bb-445f-9860-f715e68f6084,Mrs. Stephanie Riley
bdb97082-a0a7-4f59-abd9-248838330640,Heidi Smith
7370c92e-53c0-412f-8f7f-95bbcff26aae,Sarah Smith
519ee3f9-f6e1-4f4e-9bab-a5c7c2bb5ac3,Christopher Smith
0dcad706-8c53-4106-950c-f61552fd3c35,Katherine Martinez
89dd4c2f-1215-41f7-93dc-0ab0d3fcad01,Charles Edwards
7bf59b27-c911-4507-9a33-0f5d57b99fc8,Roy Torres
b99db237-a745-4cac-bbaf-79b89e128692,Terry Welch
6e304a5f-032f-42da-aa85-1afa6fd5ea95,Christopher James
2c22aa51-bb4d-44e7-9137-4d7c34a00d6e,Christopher Foster
ffdf9aaa-f2b1-4d0d-a448-e18d4de1545e,Melanie Riggs
714cec53-e6dd-4365-8a6a-436b8334b12b,Christopher Cain
439aef7e-4b2f-4606-b6c6-62cf110cb7eb,Leah Miller
854d7d1a-dbde-4ebc-8b9e-04d68daaa8b6,Michael Dixon
ca21a0be-0a19-415b-b023-d8361cc5ead2,David Edwards
cbc3ed14-f677-44a8-b870-751d73341173,Dustin Sanchez
d42545dd-599d-4aef-9939-f78e2359125e,Raymond Garcia
13872bf7-db4a-4558-b4f3-346ac55c9b66,Mr. Nathan Petersen
3f392ad1-f83f-4dda-9e61-a8067bf8d1e4,Jaime Wood
f58cba75-d916-42cb-831f-e88f31a71190,John Yates
76902a12-f747-405b-8c6d-b81782f90b23,Daniel Greer
60afc109-8ac2-4b51-8070-0008f955c59c,Michael Mills
e1a59850-c3ee-464f-ba3f-bec11d00c60e,Jean Rosales
e73330de-a1f9-43cd-b856-7ae3dbb4b3f8,Gregory Rush
20d09b1d-9bfc-4148-a4d1-af8cdf4e50c1,Mrs. Karen Martin
dc5df59f-e29d-4336-94b2-79537a0b8f91,Jordan Atkins
b90efc4f-ce43-443f-8ac1-bc01abc006db,Steven Huang
1e34f0d1-7e50-47b2-84c9-a4d6af19a1b6,Lee Hill
9429ccac-6fc0-42f1-bdfa-d4b1c8007434,William Sampson
914a9915-109d-4f8a-8625-2d5f82002787,Ms. Dawn Wyatt DVM
81394625-b9dc-4cdc-b4b4-3e88a6324c61,Margaret Hart
3746557e-46e7-44dc-86bc-b8f8ca8f9759,Joseph Brown
af908d9d-964a-4567-ab4d-4c2770fbfc7d,Heather Mason
3315c00c-b75a-4f4f-85e3-054cbac7aa36,Brittany Hernandez
6e91da81-4ba7-49f7-b43c-cfb78f6a84f3,Gerald Castillo
ecf5aa6b-63d9-41eb-a0d2-9a82800d3bab,Janet Martinez
768148ee-ef7b-463e-9ef0-1e84e3d16643,Peter Green
c6f447e4-4cd3-41d5-94ed-25b415b3f939,Bradley Gonzalez
d7d416cb-5f62-4f27-89b0-4d5de4cae10d,Anthony Silva
aa1c6c78-bd16-4c4a-9c94-c58051ff7c3a,Kevin Booth
41312e51-193c-4003-94bb-c9ba60d6bb74,Dr. Tina Thompson
7480f537-d882-4bd9-b957-56fbb09fbc00,Derrick Smith
255c6223-eb82-4d8c-a5c6-a4b1390cc992,Larry French
a232b904-37d3-4c5f-9e33-4bf40c729aa6,Melanie Cervantes
915c784a-4ac0-40a6-b99b-e18a908fc986,Mark Brown MD
1452e895-c12b-4b91-b483-8aa308db8053,Jeffrey White
4bc4a4fa-02a7-4d7d-8642-44137918b851,Jacob Brown
7b388ae2-dde5-4940-8ebc-70db9daa7665,Colin Campos
0895494e-6fc1-42c1-8b86-5cc21abbb068,John Chavez
a78ef943-2ad7-4604-ad96-b7b8ff803452,Brandon Ford
9b1b52be-aa4b-44d1-ac65-e094b6045c73,Trevor Pierce
a89302fc-b40f-4a39-b8a3-47d1e795c360,Amanda Harper
3a2aa8e4-c5b3-4dd7-b640-6036ac1f1e02,Jason Callahan
d1a9e07f-d85b-4283-be7d-36fce4ea7d6c,Christina Hall
b1ba97a7-ec52-4029-9a0a-4122bf185608,Casey Howard
1b35206e-332c-4bdb-a701-c8a92537f02a,Anita Mcknight
e8b9d732-6898-4444-a1d0-10589428ce8e,Anthony White
7355a3fb-fec5-465e-801f-5d7024a26f31,Justin Farmer
cf29eabd-001b-43bc-8c62-4677f98dd0ae,Eduardo Kennedy
ffc644e9-63a2-41aa-8f86-87d19f31d3ad,Philip Sanchez
3c9580bb-ecd8-48a5-90ca-7717c0eea806,Susan Lopez
dbde3dea-46b2-41ec-8e9b-05772702864d,Edwin Marquez
c247f8ef-cf0d-46d1-a250-9c678b40e799,Valerie Bonilla
51657839-931f-4491-aebe-c44961ca7c3e,Melissa Gonzales
8708a869-1f9e-49cc-b45b-3c6cd508ad6e,Charles Howell
613d0e0c-e8a2-4f11-bf4d-cc43bec40f8e,Kathleen Hudson
29ef70bd-cca5-4a27-9b59-0874cb835080,Zachary Turner
d50dac58-df16-48b8-91e8-39761a684c2f,Natasha Johnson
7fc774d2-1745-4593-b43f-3dfa9f2c4af6,Jim Moon
a4cce0ac-537c-4532-b739-5dca5543c7c9,Diana Robinson
85ed1095-4d76-4980-a6a9-6ee0440df8fe,Christopher Hess
4342fa44-a062-4d5b-96b8-ed092a3e8a13,Stanley James
378cb1e3-32d0-4804-b6e2-8a93e38b02ca,Caitlin Vasquez
89104d5c-052d-41a0-8e81-edc4ad6ee276,Joseph Murray
629eac7b-39d2-4a73-9715-b1772a56ff3c,Melinda Torres
fc940e6c-5e1e-489c-ac3c-5384a5944e62,Robert Everett
6120bd25-6f39-4f12-b461-f08409551969,Cynthia Frazier
81128538-8ed6-4112-82ec-59d93bd4293d,Jacqueline Cuevas
b83f02d2-12c5-42a6-86d1-1a7940983e69,Kimberly Jones
d932293b-72c4-40a7-8adf-368970f18f07,Joshua Buckley
586970ed-bd5c-49f9-82dc-7cc083a1c945,Richard Owen
ea143f01-fe7b-4635-97a5-cad55f429070,Destiny Roberts
42662f94-bd60-420e-b8bb-9945ed62466e,Steven Wood
1a36850a-605b-42f7-9ab5-3b08abbd729a,Katherine Odom
64f9c331-fac1-409c-bcef-e8bcaab0ba0f,Kerri Wilson
e618dc59-a51b-45c5-81f7-872b02875ad9,Nicole Martin
3f5f20d9-bbf0-4189-a229-baf0e468034b,Robert Kim
1909aef8-1f8a-4511-8913-1b0b68413405,Mary Jordan
4ea41a37-c253-4e50-99a4-5c9221328d8f,Karen Howell
b0f8f841-bc47-435d-a485-99c9942da118,Roberto Hull
0f2119e0-b22f-4030-ad47-970a78443de0,Michael Santiago
eacbd4a7-5d33-4239-b90c-6968e1cbabff,Mr. Robert Wilson MD
33dea14e-0f1b-42b0-8335-ef3e2ca70aad,David Nguyen
b375c919-ab2b-483c-a972-21905e8ea466,Mark Olson
203bb3b1-31fd-48b5-9a42-83d7c84a6bcc,Amy Mitchell
f6080ed1-8af3-4087-95d1-c7e707ecaa54,Christopher Mitchell
1ab0e0a7-a6cb-44bf-8f66-c974f3f25f8b,John Golden
b3c49b8b-17ea-494e-a2e5-19d0b21e0ebb,Kathleen Fischer
cbb301a8-fd8e-4291-a8f1-c990c52c6226,Thomas Fernandez
9900c8c8-a6c2-42ef-bd91-e532599dd015,Mitchell Thomas
4d0031c3-2a02-448c-a9ab-32f672d0b738,Jason Beasley
bea12f28-3e3a-4439-8309-8c4e6b1077e6,Sara Martin
313f2dd7-da71-4b3c-b993-2d92ab5e53cc,David Baxter
45a70c62-3f3b-4544-b0a6-d103ba0221c1,Erin Chavez
65e82d45-c5b3-4d23-b8c2-9651258f3b3b,Andrea Jackson
173665f0-a03f-4e21-9137-298715bc511c,Brian Lopez
329274b1-b769-44c6-9db7-fc75cbcedce9,Tracey Larson
1f976271-5fbc-4c1c-b8e6-f531e9420572,Jeffrey Ball
9c159bb3-1091-4006-b1a7-19fa8558f5b2,Valerie Parsons
3cbeb8e4-4f22-4ef0-854e-b370caaa1216,Patrick Bowers
267638f8-b0f0-45b2-87ea-7caeb7a1b867,John Henderson
90bd1730-972c-4270-8462-dabb0032abfe,Ms. Mary Parsons MD
18441320-3150-4ea7-9030-8b78fc8bc6ae,Leslie Mckinney
bd934211-3ad5-44a0-8535-1b77ab657ee2,Juan Walsh
4b671bc2-b8bd-468d-ae4d-df799afe8a2d,Dominique Gray
73738e49-18c3-428a-909d-cea3c0c2a457,Nathan Mendoza
b9106ec1-c1bd-41be-b4df-0e59b8ae61c9,Ashley Miller
c1cb5ea6-39b9-46ec-bccf-078f9f9878c1,Tiffany Zimmerman
66894395-6758-4ad8-98ca-8d4a073aef90,Amber Rush
0f8b4c00-3704-4ba6-95d0-8924ae3914ea,Gabrielle Hill
6b0c78c6-1038-4f67-b882-780b7236cf3a,Kimberly Stark
7acef037-d099-4667-99f9-27ff665a286d,Timothy Ferguson
a6c11768-e058-4ceb-baad-7a57f1fa12f1,Nicholas Meyer
69d57849-004e-476b-958d-b590f07be12c,David Schroeder
e5a4d673-abe6-4e4e-84bc-156315809e0e,Daisy Johnson
30d8174f-a294-4215-872b-7d52fd61be5a,Jeffrey Browning
a2480e69-01cb-4995-8e36-ddb11b7a75a9,Adam Barrett
74b0dec4-7ed6-4922-ae85-f6402b47c7cc,Janice Brown
7a1b2fb9-a744-4a26-a968-33972b6371c8,Michael Rodriguez
d2bdf0ce-7ae7-49b9-b422-c8e83272cb52,Ashley Santiago
67c3735f-9170-45f7-8e1d-3dc090e690e5,James Brown
e7915950-d417-4674-be4d-38332d852a7b,Kimberly Mccann
771350d0-f3b0-48b9-b82c-2e56ff42d874,Frederick Singh
2b94353b-95ee-40e9-9650-b9d1368320b6,William Smith
8264ede7-83b8-402d-aa73-d4518efee613,Rebecca Thomas
ead4494f-b009-43b7-b2f7-d20efa2cedf4,Andrew Lester
9a1bf76e-e264-49f5-a367-db331d78fe65,Jerry Kelly
a578f9ec-685a-4e78-bccc-aa9f82be3105,Kelly Lopez
edf70bf0-5101-4687-9ca8-566e33e02eb2,Susan Hernandez
e0686143-f023-4d69-ab5d-65613ec2386f,Faith Duncan
1b161d52-6219-49bb-8e47-39db0a52b4ff,Eddie Glass
a3619229-b485-4d64-8f30-7e47c7f80789,Andrea Moore
997611e9-ea99-4587-993f-ea1ec0bab738,Jonathan Johnson
a30a7f41-0bdf-4a15-8f43-457ebb59704c,Samantha Holmes
af021733-2a35-4aab-b523-33712d400629,Janet Stein
49d78dbb-2a3a-4934-9a95-9f2ead517ae1,Mr. Joe Lane
e6e3332b-257a-454e-bba9-9b3514e7dff3,Christopher Townsend
c0f4c2a6-a73f-45a7-9471-68bad2d53a81,Cassidy Jones
dbe24033-4d8b-4507-86aa-0765c39c96b8,Dylan Dickerson
62449dcb-1b66-4049-8049-b11c748259a3,Rachel Martinez
923ad6e8-2d3f-4d67-9469-8ad56841c25c,Alyssa Cruz
e8465796-923e-45f2-921e-a9d5ada25dd8,Joseph Mejia
f1d9b707-0134-4278-a148-6889b4478c9e,Mark Garcia
25a935ca-3534-4bb5-8d91-2791a103d46b,Henry Harris
6a3f8353-5bc6-4fa2-99a5-01eadec1cd79,Emily Briggs
5949987c-bb07-4e3c-9900-1f2579420b42,Charlotte Davis
3b3b0c24-e6d9-4649-94a5-5bf51a3f303c,Melissa Brown
78e7d81e-4fbe-4b3a-a1a0-7c3e6d6b2ad9,Richard Li
86169d52-ace1-43ae-bcfa-a26576708ca6,David Curtis
677372a6-e622-4d8d-87ae-dc85aaaf97ca,Carolyn Carney
7cb216c0-75c5-4b49-9920-c3db1aa5f85a,Amanda Chapman
6346cd06-5c96-43b6-a7da-92d20b3fdb18,Kelly Johnson
dcc620c1-ac0a-41ec-ad81-6b8a2c80c3d9,Victor Bullock
e887aab4-745f-48a1-a08b-daace3cb6d82,Susan Johnson
cd61b98e-fcbe-4006-8126-299c28411089,Leon Oliver
54636ac0-471c-4ec8-80f4-a8cd1c404642,Brendan Rodriguez
9f04cc65-2857-4e66-9dd9-a73b2d96ecc1,Emily Hall DDS
322835ef-ee48-439b-9b22-beb8497a449a,Dawn Thomas
76d12d5d-ff32-4364-b118-933b8c03b2ee,Brian Sweeney
b6841555-3a01-4405-b2b6-58fedca83421,Sarah Ibarra
81e5c1e9-421d-4db4-a390-f0dab3bd742f,Ashley Lewis
21a89fce-04ab-45ac-984f-851f125d6bbd,Robert Young
6b06f797-d71e-405a-b397-448659d3bf1e,David Sharp
fa997390-846e-4525-9fd3-ba0e64b995d7,Henry Strickland
845526dc-a97c-48ad-9fb3-b3d4c742c2c1,Jonathan Lewis
03cf49d8-9c2f-4462-a89e-3268fc9f6927,Dwayne Gilbert
5f88cccd-3a71-4368-989f-2d7cdf028d6c,Kevin Salinas
6da95740-83cb-4323-9c6d-82d255aabac0,Andrea Callahan
1dd7c851-73d7-4708-bb84-64e9ff8d73e4,Heather Ferguson
484d4ef2-b548-430d-9771-4191aeae8328,Tyler Miller
74c7625f-43da-4506-b83d-c6db48fa0c17,John Williams
349a8fe2-de8a-4079-9fa7-3473f47cd39f,Stephanie Watkins
0b0bafea-2cbe-4e95-8084-2afefd107205,Daniel Gibson
6d68d8f5-6c27-47ca-9ac6-fa4ab5faf7e7,Sara Stephenson
d6cc91e5-c26a-4732-879e-531ca0e29200,Cheyenne Briggs
0960265c-36e0-410e-9f45-2271be8e35f3,Nicole Johnson
b1a3c85d-4e45-41c0-ac78-dc1431ff8947,Mr. Brian Wilson
e373acff-07ac-488d-ae2c-79393c9a9ec0,Michael Khan
87ad1fab-dfe3-41f6-9a88-61c1f8df5332,Elizabeth May
3d4ea1a0-c3f2-4873-b4df-91291f7ca90c,Terry Simpson
a8910cee-f3b3-49c5-b39d-965cd16cd240,Patricia Collins
80b5deb6-6476-4ee3-acfc-f4deea8e0ddc,Brett Santiago
6857ef05-16c0-49e5-8012-8a30cbb5a453,Amy Roberts
745f1e17-e342-4d5a-a152-3bf2bdda6bf1,Heather Lara
b29bf4ae-49d1-4d23-821c-f1f97ca66ed8,Joshua Proctor
1ae8736b-3241-44ab-b585-3f2fccb07c65,James Lane
f65cf859-1cda-4424-a19c-9959e5170448,Misty Reed
f11ebdf0-5111-4853-b731-0f613f6f146f,Melissa Wolfe
d95036f4-f06c-4e61-ae58-de1b35d37791,Philip Lin
bd3e849e-f82d-4b53-9fc8-0641aec6c54e,Teresa Williams
35a1d376-79e3-4e81-836d-d8bd7a2cf1de,Jesus Padilla
bfc2bf0f-d18d-4aff-b026-abca78a960eb,Anthony Waller
0a805d9e-c2b0-4056-9343-2ff18896aa59,Evan Williams
1714d290-c86c-4cd1-9ac3-02d3becba4f5,Matthew Schmidt
34d3e523-9db6-4bad-97e5-ca68236957a8,Jade Martinez
4e83294a-0def-45c8-8193-d8e8216613a4,Danielle Weaver
35753dba-9bee-4035-b2d3-be421524df57,Cynthia Johnson
ae692297-fa58-4c02-abce-6997597bc5d2,Kelly Wells
53dc6169-74db-4339-bbf6-81caa2cf7a6f,Courtney Rivers
c9c55722-9058-4724-ae69-07acf2f9e095,Michael Cruz
0c1cd2f9-8610-4c38-a4b3-e5957541ed52,Susan Meadows
11d199c1-a0e7-4df4-a3f8-62488bcf41b1,Angela James
175b4fe9-8493-48be-95a9-01e70ddda5f3,Larry Gilmore
e9685462-ce6c-4d12-95a5-a4a13439ca30,Katelyn Thornton
b50bdb70-fae9-4360-b8ce-2664217eef03,Caroline Lucas
57394940-da31-47f4-94cc-3ae5e3c72ac5,Sarah Smith
29e6b206-2b52-462d-ab8e-c07f7d50ba77,Kyle Evans
0793b632-244a-4d2f-abbd-253e7518b005,Jessica Bauer
7e09e892-8a42-42d6-a802-63317f8917d0,Rhonda Gomez
f63d7635-3e9a-44fa-974d-eeccc80909cd,John Pacheco
e6d8d7b1-2171-4a9c-a920-3f456706b79f,Barbara Koch
9270aeba-e9a8-4596-b280-8e5565fc4ac5,Emily Brown
3ef9e16d-45c4-4016-ab5c-0c1075314c67,Heather Ritter
e9142dc0-1782-40ce-b141-0e20a7663b7d,Kristen Mack
8837d98a-93b0-4111-8dc3-327338c0673b,Wendy Bowman
fd83c165-b2a8-4900-bf19-8d393f39a5e8,Jason Johnson
689e3665-2962-4808-9797-9ed4bce62078,Debbie Lopez
7ef1d550-afd6-4d45-b38c-ae795b13d599,Elizabeth David
b8461180-1ccd-4d30-9e1b-d3d660c51339,Miguel Palmer
f885c911-ee57-451f-8323-f57954307f6e,Allison Harris
85c77b00-55f0-4a86-bc01-4e39c196e596,Nicholas Mcdowell
3b751a43-3a44-411d-a159-38064f1825ae,Jacob Reeves
6df7df5d-f751-477c-af13-0897cd0598bd,Jacob Brown
2ceb5917-ab32-4673-ac4b-e591a7c54a92,Jamie Hughes
b5249097-8afa-41b2-8e7d-44b99d074d17,Angela Stephens
96601bc4-a6cd-4f5a-8d81-e442063dd72d,Kevin Graham
475d4fa5-b168-4675-a9ce-44fbfad68c34,Harold Jacobson
5f35658a-5750-4546-ba84-8ed477de2b6e,Douglas Hill
56e65467-c670-4fe2-8b6d-40f3171e6563,Alexander Garner
fb1df199-da33-44a0-a1de-fc46f20b4da9,Brendan Hawkins
14003903-0c75-43ea-86af-d3e86bf62215,Timothy Navarro
108dfa55-67f4-450b-bca5-da2f3ec672d3,Karen Patterson
533b9d76-6945-403e-be17-f732b6ed4c58,Laura Mccarthy
a1da8e5b-c0a9-4119-a9ec-bf1c4331e66e,Dana Gentry
9fe47c17-16d9-4f07-ba0e-fc003b00d937,Lauren Hill
44ed403d-caca-4eee-99bb-a110a9c02382,Wanda Diaz
c1f25062-35d6-4f70-95fa-4e618f380894,Mr. Christopher Price
0609741c-965f-46c8-827e-b81b5ecc8ead,Jonathan Lee
f5aee08c-429d-448e-9942-c57d8731ddbf,Dylan Smith
ecb51100-0753-4202-b9d2-cad1f4adc2a0,Savannah Nelson
ddc4e903-7e9c-4c65-aa70-71b03646b9e2,Nichole Garcia
05ac654d-31e5-42b3-8ace-5a4f276a52c6,Sabrina Brown
de8cc11d-a565-42d5-9b6a-37b888deb136,Thomas Williams
ec537d92-b9f7-4027-9652-24173cda41cc,Elizabeth Blanchard
78e73902-86b1-481b-99b4-bc94c561c392,Eddie Brown
00d50f74-3a28-459f-b69c-4dc9455583ca,George Farrell
a1e29fe6-5c22-41bc-b4de-14e6cdbe676e,Alexandra Colon
5a2e1f19-4bd2-4d09-9c8e-e5a5ff23edb7,Michelle Herring
f7bea27c-72d7-40ec-9edb-6232e408c872,Wanda Osborne
a83d80c7-cb08-4d6b-8fd0-56546fa9285c,Mrs. Hannah Figueroa
3d120b05-2bb2-4f5d-9ca2-601425dded6d,Andrew Perez
63f2aa41-95f9-44f4-ad4c-710b47b4806c,Judith Swanson
3f58ef1a-2457-48b8-91d8-054c8e6ca560,Christine Brown
bf8fcb29-e01e-4a29-aef6-ed78f231a9d8,Sandra Myers
6866ef60-5930-4bf0-ada3-c5ec4c730260,Roy Phelps
408ca194-24b8-450a-ae9f-2522c3f060fe,Diane Marshall
4584859b-972b-487f-b4a2-25fadf4a994d,Francisco Meyer
75142bc2-6341-4d44-932d-40093926e2ad,Mackenzie Torres
f1e2c699-8983-4d1a-91f7-daec5a46cefe,Karla Vang
7d1953f8-2dd4-4c0d-9482-a676cc6b71b5,Christopher Graham
cae69d23-5e47-45e6-b8c1-6d1c72db8cb3,Michael Miller
b5d03939-0245-4713-804e-3d15cd12eb4b,Denise Clarke
6bed9fb7-7a1a-48e7-8dad-f12d12963e49,Kathleen Williams
1bbf32e1-404c-4546-ad78-f7565cff864a,Noah Jones
da57e058-5fa0-4de5-8334-8ce4f3f9d3fb,Christina Williams
4270ffa9-bf10-45f5-8495-463879450c5a,Margaret Lopez
9d02282e-1483-432e-9a9c-a7a811741465,Henry Flores
d8be1dba-85f0-4603-916b-bbed63be760e,Sharon Sutton
d9446709-4653-43b3-aa6c-7eab0fc19f3b,Kevin Evans
c79225b0-3a9f-4a0c-9800-d2a79f5a3bab,Amanda Bates
74f27602-253a-4b75-9d59-16d7f39d5a55,Nathan Webb
2b37522b-a491-4671-9420-1dad82026897,Stanley Crawford
b77945ed-674d-4ca7-b38e-8603bdbd5b82,Megan Wyatt
5941b06b-af7f-4d3e-a7e6-7939c0a2e54e,Dana Simpson
8461873a-f2cf-475b-ab04-a64c278c4e14,Patricia Johnson
7677d1c4-82c9-414f-bacf-42cb0077048a,Jennifer Manning
4c3d135a-c051-41be-8916-fefaa19720c1,Susan Humphrey
d7f75cc1-ab77-42f5-9526-cf76a6698add,Jill Smith
26ec176d-f9c9-4e6b-8761-e567fcdff78b,Megan Faulkner
7eb38c36-8d96-439a-ae6d-5dc5f894f089,Mark Johnson
22be3f51-815a-45ce-a89d-b09b9365fc59,Hannah Davis
551a7923-53b2-4a25-979a-bce78145b56d,William Oneill
d3256164-641c-44c5-bd65-4d03f45bb518,Stephanie Thomas
0b26ce80-8f57-42e2-9cc4-b400c93696eb,Kevin Farmer
7f0e627f-9f8e-4801-b04c-eaee9d09bbed,David Barton
db725dc4-6e9e-4bf3-b0f3-ebf3d3ac7f29,Kimberly Coleman
824841e6-4dbc-45d8-ad4a-f920bd9dc753,Lynn Smith
5733183a-507b-4ab0-bdaf-734e16640941,Patrick Thomas
0d968aa9-0946-408f-ba6b-029d365c0223,Theresa Barrett
cc471bd0-8861-4de4-9699-740cdebae277,Jorge Ellis
c51b8cbe-9f19-4918-aa67-70cea5607499,John Weaver
92f79a6a-0920-4217-bc64-c6f46cefa020,Shannon Yoder
1e63ae9b-58bc-4481-86e1-ba69171806aa,Brett Webb
0e724ae6-e9cb-42d3-b3bf-2d4aebcd43d0,Robert Williams
d15a4246-1ea9-4c91-ad25-a9427f06ecd9,Casey Miller
0cbf4406-fa7f-46bb-acb5-d8c229e2b416,Jill Barrett
91aefa13-7488-499c-bf45-2299b5d4aa78,Russell Hutchinson
d5a8a4c3-a25c-44b2-8f3d-7c4d52ec8aad,Patrick Holloway
96b045ba-e5e7-42ea-8723-405b5c1ec382,Christy Rios
646c2d8c-e8ea-48ef-8016-214212bbdf9c,Renee Clark
7989c9a7-34fc-4195-8590-5192cc962933,Laura Jones
a9b5ffee-f8e6-4015-badf-2f6bdb2cb4d2,John Miller
16cd59f3-96f3-4621-b7e8-66366533d4f2,Kaylee Pena
52080e4b-bddb-4fce-9eb7-88a9a8c8d5ea,Matthew Walker
a28d9ae0-d8c7-44ef-aa5d-6d0b57aa6f57,Derek Lang
2e49518b-87bd-48ac-8acb-8559c641d70a,Sara Valentine
4adbcae4-aa3c-4a95-badc-f9d180a7b0de,George Cline
dc5cfe4c-0ce5-4dc0-9377-4466a323048a,Jessica Grant
a39744e3-f5ab-4f0d-82eb-3d2ca15cd5bb,Seth Atkinson
ac212c0e-9865-421a-8b28-097eb1484f2f,Donald Thomas
42949e7a-b150-4c35-a5cb-21dc644d6a89,James Mitchell
bb38e35f-4b8e-4021-9b79-e80777bc13fc,Whitney Salazar
e7028def-9a64-47db-8687-e1fb32a58d01,Kathleen Lucas
a82fa30c-7aa0-4512-bbfa-6019fded0f1b,Matthew Harper
07c29e9f-aef0-4918-8102-4dd3e90bfd64,Corey Rasmussen
146cff65-ac47-4068-9b73-463bd802140b,James Santos
a238b651-0434-4124-845c-f9766f2ceb8f,Patrick White
2765b54e-3e89-4ce1-a345-06ab103d0d90,Richard Martinez DVM
86d74775-0e2c-48bc-bdc1-ff1affb4164d,Kelly Miller
57c1f10a-f3fe-46c2-999d-d69641d9cb77,Jeffrey Woods
af7b38f7-21d3-4287-a800-91d78425eb7a,Ashley Meyer
ef17e80b-471e-4837-a743-2bbda07bf973,Kerri Blair
0c14f960-706f-4dc4-a06d-390e32eb42ce,Kimberly Evans
91712aed-125c-41b7-bc8f-1e613ad09869,Catherine Robinson
e48a4f62-1311-45fa-8869-46679242cc57,Joshua Harris
5e92f195-50b8-4545-8d24-d54cc2c62288,Natalie Hatfield
7e0f7033-f83d-4211-bb7f-d8da19557799,Andrew Johnson
003f74d6-cc7c-4d99-a8c4-d09253b2a898,Sally Olson
04ce975b-b6a1-4896-a445-f93b3a8b5489,Adam Rice
712c5c68-b84d-488e-9f5a-74d0e4a7ba4f,Dave Murphy
bf263955-3c28-4fe7-9f45-6a4dcb8953ee,John Lowe
22fb97ff-dbcf-4af0-b2e0-8f236d290cf3,Teresa Humphrey
af55d19c-0ee5-436c-b4c9-46db47706960,Paul Barnes
a333989a-3de0-4e58-a1fd-9050ae8be396,John Collins
221c51ba-4c41-4385-b795-25d0d81c738c,Mason Thornton
32f86b3d-4237-487a-a4d4-ce6b1adf6464,Dylan Lopez
99b5fd9f-4384-487b-bd05-98787385511f,Lisa Jones
b74d639b-49d2-4ed4-a2f5-18f836c3220b,Alison Benitez
e712ad50-198f-4cea-8e13-c17db57c4e93,Paige Gonzales
e24aa987-c16c-45de-ab6f-b4a2a7d19fbf,Melissa Webb
9acbd15f-7be8-4464-8938-e0d5b1472b7b,Kimberly Haney
d35fa5a2-480b-420e-9094-6e16b996f737,Melissa Wood
04997298-3e55-434b-afc7-a01763807d8f,Latoya Harrison
5b49ac5e-69d3-4063-b29d-edf8c03e66b3,Cheryl Jenkins
fd1ba4e8-7cd4-43d2-bc18-90148871ec3a,Kathy Nichols MD
964694c7-8e5a-43fc-b579-0d9aedb047b5,Stephanie Dorsey
2e337010-c204-42f3-a9c7-a7294f3c1748,Jessica Duke
4705c4c0-74f6-476b-94a1-f628872af001,Stephen Hughes
0ef0d84b-e117-4c23-809b-d8582fc8022f,Elizabeth Lewis
6a017275-fcd6-4935-a822-c99ce6a8a5c9,Stefanie Stewart
ae8311c6-8176-4a6d-a295-26b49dcd5973,Amber Coleman
b17d19f6-495d-4cac-8992-cc9e70e133df,Jacob Mosley
bc02a93b-8859-4350-8673-9d8af5c1c15b,Mark Lucas
2365d985-4f3a-456b-8108-9f55628fd0d3,John Farley
10a88374-e456-487c-8d17-10486c803a15,David Perry
9d33426c-7639-4824-9521-67e5fcfe330d,Megan Brown
5a455fae-c0e3-4ff2-a8e6-c9056569b5ae,Megan Baker
29b49509-db28-4b74-8615-52210f6e5ff2,Natalie Hunter
e580b6ae-3635-4e07-b5e3-7fc951c28052,Amanda Hill
9eb77f44-dd86-4302-8d2b-ee11d4e809eb,Christopher Kim
a6a90e94-343a-406e-abf1-9c298a7dc913,Michelle Mendoza
5eabb4e3-d439-4855-b718-5942f728f6ac,Gerald Figueroa
a9d025e5-486c-4c08-b214-51a21891c655,Joseph Shah
4c8831a8-3b2c-4206-b1bb-1639a75b2276,Nicholas Ballard
eafa7a64-3e89-4c7a-8430-520a9348846c,April Curtis
ce04dc0b-05a6-4eae-8ef1-3ac2aacab0cf,Max Daniel
9036eee3-b4fe-4d06-8d56-b49304c4ea72,Crystal Porter
18ccab3c-58e6-4c43-88fc-f1e4f21eb6f5,Tyrone Williams
ee59cf0e-729c-46e1-8d2f-61a03b6f91d2,Vanessa Hernandez
7c94b4e8-51b3-4c05-946d-96f14cd2222d,Sarah Porter
7ea2eb9c-f668-448a-8c3a-608a0198fac2,David Donaldson
659e6eeb-5e09-4218-afc9-78e23c3757c0,David Garza
ffbcbd3b-4109-4b72-b4cb-86ba011372ee,Shirley Guerrero
5768e4ea-f7ec-4a7c-95a6-b4c56434506a,Traci Patel
a2227600-d258-4d0b-86de-6fb67c71e6e2,Karen Oliver
3440c6c0-ad03-4625-948b-365b5bda461a,Donald Smith
5401ecd7-db8f-4cf9-b08c-4196b13b146f,Gary Ellis
ceff8f24-d50d-4497-81ad-01455f17a152,Timothy Long
92bb2764-4d36-41f2-963f-f9d8f82ea166,Carrie Silva
5f70dd93-3ce0-40b7-8411-5ecd8fa5093a,Jessica Bowman
edb7bd9f-374e-43a2-956f-bd34690c34ae,John White
2e69ba92-a8bd-4168-a8d9-cc216536dc7b,Steven Hansen
9d12c191-60ed-4345-9a72-e63674943a69,Ellen Jordan
5dbffebb-e9a0-453a-be50-750c540fced2,Brent Barber
2e061ed4-93fe-426a-97cc-4043e28ddfd9,Stephanie Navarro
f6ad8204-fe9a-4945-8f45-6c94266cb183,Brittany Reed
08c0950d-7ee1-4a4c-a27e-345a6f8d6298,Philip Haynes
803777b2-d906-4687-b1f6-4b30c2c8c7b5,Scott Ray
dd941464-cc79-43ee-8d98-2c482a0ba292,Robert Riley
3e4baf94-dd78-47fa-b6fc-e80a2cb4627d,Melissa Austin
dd849e95-3bef-46f9-a516-d658f997e299,Lauren Ward
02c39c0c-11b9-47fd-8c97-c30e8c9a4a90,Marcus Wood
6846c3f4-0dd7-45b8-a20d-77cc8c0bebcf,Steven Williams
75f2c0bd-19f1-4b35-bbfd-1d8a0cc34c02,Bryan Bell
7bd52444-c994-4d14-8f72-5d032c9222f4,Heidi Jarvis
05ce1267-efa2-4d63-9d19-6425049acf75,Charles Waters
0403c9b6-dba2-4c1d-9b95-f2715382b35c,Angela Huffman
2c55ecf8-fb1d-4baf-b237-5ecc26b56a7d,Richard Myers
bb60320f-40d9-4c2e-a4e9-fdfb9ad7f008,Carl May
3996e4ba-8f15-4155-bb28-0560ed6e1f81,Jessica Best
41838f4b-6c33-436b-8617-4e05a6bdf17b,Lydia Knapp
bf6308db-8ebb-42f1-bd7a-058745a6b235,Audrey Campbell
79347f7c-e477-449f-a8c2-f8fa082d6d61,Annette Oliver
7e1f34ad-9aa0-42fe-b82c-65af3bee3caf,Melissa Wilkinson
b5ecb4cd-3e3b-4d56-adc9-3ba7dfa8ea69,Tony Murphy
2b1f450c-0bf8-4c40-8f91-ff0646693571,Denise Anderson
6d945f77-1b85-4246-acb0-dd5372d3641a,Lisa Roberson
ebc5c4b1-432f-4f30-9cee-1d3928bf424d,Nancy Austin
6b2664c2-59e0-4b3d-8c2d-3fa5c1d5414f,Brandi Jackson
1a6ad0cc-d8de-4fa0-a4ab-9557f7633c85,Samantha Miller
106fdde1-23a1-4466-9dba-564e0b0ada69,Gina Smith
49249fb6-705c-4947-b45b-71e2143df1b2,Paul May
cb2383d1-ca8b-4596-ae42-96e293b3fac0,Gregory Anderson
aac2afab-4faf-4d8a-893f-463db8fc8d8e,Courtney Roberson
12f52d47-26b5-4c95-800b-de41709d33b3,John Larson
bab9767c-ee64-4d2f-9b52-a81db77f9814,Lisa Ramirez
f6872617-3fd8-4258-9c67-0d23446c1e91,Tanner Collier
2305dfe3-ab23-4a01-a6a6-255874a8a097,Ashley Davis
99861f7b-0816-4948-a591-19332ad2c86b,Michael Thomas
ba210389-050a-4f65-ab72-ea07e2bc2209,Vanessa Jones
9cbebd77-8f3e-480c-8b16-85cf85a91444,Keith Perez
cc8ccb4f-3b0a-4592-8cd1-96b6ce2b2ca7,Paul Gomez
669123c1-27b1-459e-aeba-2f7c51ddf8a0,Ryan Lewis
c4147247-7dfa-44ea-9ad2-4652ddf6faaa,Deborah Patterson
607cc8e1-1cac-4060-8d07-7cccbebac1f0,Amy Robinson
457533df-8c89-4f0d-81dd-7a8376e1e5bc,Amy Wolf
1bbe4e91-d26d-42d5-a56c-da9eccf04c37,Steven Atkins
1cd75e72-c796-4eea-840a-4e8b008bf895,Matthew Morgan
5c7ddaa8-dd52-4465-bbaa-3625261f88b4,Erik Gordon
688835ca-f959-4f1a-9e1b-91a6b587cad4,Lisa Mason
225702f0-b32d-4928-9474-effefb2c1d73,Kevin Diaz
cf8ae2cc-e3b7-4511-8846-a277d485f266,Jerome Martin
4851b2e9-1206-4118-8f67-d25da0f503a0,Steven Reyes
0041ee35-d06b-4594-ae7c-cedac07b05de,Ryan Serrano
54423643-a8fb-47e6-acc9-d6e757851a4d,Barbara Ward
fa0494c5-326f-4ddc-9891-d6dc1fda9c66,Rebecca Flores
339bbe31-6815-4aa1-8d8f-fe89cad9bee5,Victoria Wood
638d244b-214e-4d6c-9e01-1e9b032de230,Jody Hale
b6dce453-83a0-499a-af7f-5c681120a704,Walter Saunders
077f478b-8e60-4a0d-8d2f-098e73822372,Michael Macdonald
17ea2176-9fa9-4230-bc64-f25e58b69deb,Stephanie Brown
a1eff896-74d8-4922-8b72-cfcd6192709a,Ronnie Knight
78762b1f-2284-4ff8-9555-6c13c639e885,Nicole Bailey
efafe51f-c239-4cab-875a-2aa40c32a5af,Amanda Diaz
b4868276-cb98-485f-af77-57dc8076b8e7,Ryan Davenport
4342495f-a9b2-43ce-a622-342536453285,Molly Kent
946ef217-6a41-494e-9613-843532e774f8,Jason Clay
13255148-6f7c-4eac-b20f-a8c2ae4e7a9e,Jeffrey Gutierrez
08489b7b-3f4f-4e02-a181-29266ebde2f9,Benjamin Johnson PhD
353973e3-3ed5-4c7a-b350-b2d2a9b70ac2,Kyle Martin
10041281-2989-476c-8d69-271c5349e49b,Pamela Rosales
cad9a086-ecbf-4b44-90e4-ea5973cfdbd1,Elizabeth Walker
d8659e07-26e5-4c3f-90a6-1ecd5c305d8e,Tracey Giles
6f405069-da10-46d2-9419-34a4a8389a5c,Shari Mills
aaac2e64-0800-4f0c-890d-44d8f4661280,Robin Reed
7939edee-fe1a-4fce-85e3-4d36405d428b,Logan Livingston
d87a9014-d5d3-4a06-b37f-7ca7a3455316,Kevin Tucker
776cbc7e-ad42-49ec-930e-0caec1a5bd87,Daniel Monroe
5ce6614d-6b9a-4e76-ad83-b014fd72f129,Regina Chen
c802a581-aaba-439d-bc75-8e76104632c6,Ryan Garcia
8c4459a0-79fb-4ed2-8636-9981779d4e90,Sharon Hardy
a076a439-fff0-4cd3-8223-41f5beaac33b,Johnny Ward
c58ee57d-215b-4852-8d70-86faf115a0d7,Daniel Chapman
7394c331-99f1-4570-88ee-9e24c9854804,Stacie Cook
b66f91a6-6f7e-472a-92ec-db634e683774,Kyle Jones
59bfa822-2754-48f6-aace-6f973268978b,Timothy Young
69f5fefd-6b10-4b45-a89d-b4a760ad961a,Laura Sparks
6609cd27-a3c2-4001-aa39-37cd1d1e9bfc,James Maxwell
08389f81-e2ac-4b71-83aa-c62bf091d02d,Kathleen Sawyer
3bc3c273-e891-4662-bd51-b850a8117fa5,Evan Marshall
416567e8-cbd8-4dd7-b2be-dd7333b94fbb,Alexander Johnson
bb67974a-e7fc-4116-9ac3-a16025c61792,Patricia Patterson MD
d5c965c2-4094-4f26-b80d-c3fdcdd1e6b5,Chad Garcia
d6d607b7-5f53-4a91-981c-fe4e6f8d1f21,Luis White
e1f1783a-38ac-4884-9a30-1eb93a83fce4,Allen Harrison
b392fddb-9598-49c3-938c-10ba6082ebd1,David Thornton
02be2d08-eb5e-458a-b701-f0785c9464d8,Calvin Strong
f4fa9386-38d5-49ac-ac72-98f3a71d9730,Jeffrey Barry
ee9b950c-5596-4947-86b6-c1e4e59d12b3,Samantha Ward
0e072fd2-2850-4de0-85a9-def1e6fd13e2,Matthew Allen
ffc7577d-6dc5-4768-a989-bf9ddabf751e,William Johnson
1db62532-3435-40d6-b436-1ecaac7596d8,Kristin Payne
8aad2bd5-a1c1-4983-8aac-5636e6018809,Emily Dunlap
4b5cf890-d753-461e-96c6-ef4dd929e35c,Maria Phillips
d523ab33-45dc-4cf3-b899-fac34bc7919d,Shelby Gonzalez
4069c518-282b-4960-a3c7-a2fc1d711bd7,Brian Mcdonald
d63b8618-d6b3-42ba-b131-79ba28c00af8,David Oconnor
841c2f08-1f76-4edf-8405-5cebea90c82a,Kathleen Flores
bd2a8b94-0064-4b20-81a2-24b749b27c5b,Madeline Smith
1ecbdc20-1d14-4404-96be-2c39216cb6ad,Jared Erickson
5011e4ce-c3cf-45e7-a87e-221f35e42504,Brandon Parker
aa743db7-ee47-400e-a8ed-afed18f442cf,Aaron Williams
8b57599c-9fdc-4650-adeb-fb0e29d87389,Christopher Smith
1fbe4ff4-ec39-4f0c-8a38-0b42688bdcaa,Derek Hunter
9023163f-8610-44e2-b93f-0fc569298590,Jeremiah Sandoval
de997a20-0899-4568-b612-b66f5799d6a1,Rachael Kelly
012a1db8-36a5-4eb7-a04c-b6f621e40124,Kathleen Kane
3fc1b476-3b4e-4f4d-8856-5b8d403cf392,Eric Young
4aec298d-dd72-42ab-b6c9-f9d9058ae32b,Tiffany Logan
e6ac4f39-f1bf-4388-939d-3fca2af0ea2e,Max Alvarez
98fa59b1-6afe-4deb-a7f7-a4ddeb58285a,Lindsey Salazar
14769bea-99c3-493b-87cd-167df153ea9c,Michelle Williams
31b536d9-dc7d-4dcc-8c49-1b7b63796165,Laura Reynolds
b9f15812-588a-4c42-90e1-19f833f7d71c,Elizabeth Davis
4b28e7e0-8d87-47f2-9cbc-9b85368bc912,Cory Hansen
4db0f3aa-d11e-4c22-a278-bb34034a1029,Michael Garcia
118b28d1-afd0-46de-af76-a039a3462039,Michael Davis
b10f85e8-3a71-4dc8-93a6-6ea24150cceb,Nicole Bishop
251575ed-f5af-4563-a578-223fd5aa9042,Katie Ruiz
ea54d057-bca1-4504-bb79-10068048b831,Sarah Haney
4aedf47b-7d41-4b34-a578-25c342edb00d,Francisco Parker
6c8a4d8d-ff44-4f70-9f49-e209e42b6408,Maria Fields
5fcffcc7-eafe-42b9-b570-ada956abbd92,Melissa Larsen
43075dcd-cfe4-43f0-95a9-eacd445cc3e0,Nicholas Jones
27b95971-dd32-4cd7-aecb-3c63fc9745b8,Cameron Smith
d8729820-62cf-45dc-ab97-fe90012c816d,Katie Keller
27430bdc-2965-4311-a506-d3ffce8ecd97,Jonathan Bright
976c5ba2-1355-4538-8169-9ea8d8dc6889,Sarah Franklin
2b23338a-e210-4f27-9a76-68ecd75ade4f,Justin West
424bee2b-124c-4f2e-974c-3c0767730f26,Nicole Perez
dff78555-b085-453d-a85e-85939988255b,Christopher Benitez
526bf528-f0b1-4509-91f2-7d9bd0661519,Allen Nolan
550f379a-fd98-4bf2-8968-512a49465044,Martin Greer
db6fdbcd-2af7-47ae-80b7-3d20666a5be5,Steven Carter
06d9572a-e311-41e2-a0fc-f18a2b9b4075,Laurie Ortega
4fcf53aa-8b63-47f1-a25f-df96b9273f33,Christian Young
